{"cameraMode":{"drawMode":0,"name":"Shaded","section":"Shading Mode"},"sceneLighting":false,"audioPlay":false,"sceneViewState":{"showFog":true,"showMaterialUpdate":false,"showSkybox":false,"showFlares":true,"showImageEffects":true,"showParticleSystems":true},"in2DMode":false,"pivot":{"x":-0.6338840126991272,"y":0.8368275165557861,"z":-3.2734005451202394},"rotation":{"x":0.08988045156002045,"y":-0.08239061385393143,"z":0.007499358616769314,"w":0.9925587177276611},"size":2.0660252571105959,"orthographic":false}