{"cameraMode":{"drawMode":0,"name":"Shaded","section":"Shading Mode"},"sceneLighting":false,"audioPlay":false,"sceneViewState":{"showFog":true,"showMaterialUpdate":false,"showSkybox":false,"showFlares":true,"showImageEffects":true,"showParticleSystems":true},"in2DMode":false,"pivot":{"x":1.1558775901794434,"y":-5.640822410583496,"z":16.906442642211915},"rotation":{"x":0.17332586646080018,"y":0.03396455571055412,"z":-0.005981674417853355,"w":0.9842657446861267},"size":13.935641288757325,"orthographic":false}