{"cameraMode":{"drawMode":0,"name":"Shaded","section":"Shading Mode"},"sceneLighting":true,"audioPlay":false,"sceneViewState":{"showFog":true,"showMaterialUpdate":false,"showSkybox":true,"showFlares":true,"showImageEffects":true,"showParticleSystems":true},"in2DMode":false,"pivot":{"x":-0.5180437564849854,"y":0.15909260511398316,"z":4.0947771072387699},"rotation":{"x":0.21568401157855988,"y":-0.03137710690498352,"z":0.006909598130732775,"w":0.9759618639945984},"size":4.514715671539307,"orthographic":false}