{"cameraMode":{"drawMode":0,"name":"Shaded","section":"Shading Mode"},"sceneLighting":false,"audioPlay":false,"sceneViewState":{"showFog":true,"showMaterialUpdate":false,"showSkybox":false,"showFlares":true,"showImageEffects":true,"showParticleSystems":true},"in2DMode":false,"pivot":{"x":0.330392062664032,"y":-11.161114692687989,"z":12.169694900512696},"rotation":{"x":-0.2100638747215271,"y":-0.03899722546339035,"z":0.008390727452933789,"w":-0.9768825769424439},"size":10.0,"orthographic":false}